# Таблица разделов IP-Radio, плата Waveshare ESP32-P4-WIFI6-Touch-LCD-5.
# Флеш на плате 32 МБ (GD25Q256, подтверждено схемой и репозиторием платы).
#
# Обоснование состава — docs/26-firmware-spec.md, §3.1.
#   nvs      — настройки, переживающие обновление прошивки
#   phy_init — калибровочные данные радиотракта
#   ota_0/1  — две копии приложения, нужны для обновления по воздуху
#   otadata  — какая из копий активна
#
# Карта microSD в таблице не участвует: это отдельный носитель со своей
# файловой системой, там лежит /ipradio.json (docs/26, §8).
#
# Размер разделов приложения взят с запасом: LVGL, ESP-ADF с кодеками
# и наш код в 4 МБ помещаются свободно, а флеша 32 МБ.

# Name,     Type, SubType,  Offset,   Size,     Flags
nvs,        data, nvs,      0x9000,   0x6000,
otadata,    data, ota,      0xf000,   0x2000,
phy_init,   data, phy,      0x11000,  0x1000,
ota_0,      app,  ota_0,    0x20000,  0x400000,
ota_1,      app,  ota_1,    0x420000, 0x400000,
